category,category_slug,image_url,alt
SOFFIT/CLAD,soffit-clad,https://itp1.itopfile.com/ImageServer/z_itp_19042023ft59/0/0/Artboard4@2xz-z966313730030.webp,Artboard4@2x
SOFFIT/CLAD,soffit-clad,https://itp1.itopfile.com/ImageServer/z_itp_19042023ft59/0/0/banner01z-z996681350250.webp,
SOFFIT/CLAD,soffit-clad,https://itp1.itopfile.com/ImageServer/z_itp_19042023ft59/1440/0/banner02z-z782039158841.webp,banner02
SOFFIT/CLAD,soffit-clad,https://itp1.itopfile.com/ImageServer/z_itp_19042023ft59/1440/0/banner03z-z3662355213.webp,banner03
SOFFIT/CLAD,soffit-clad,https://itp1.itopfile.com/ImageServer/z_itp_19042023ft59/720/0/IMG-aboutz-z774153513235.webp,IMG-about
SOFFIT/CLAD,soffit-clad,https://itp1.itopfile.com/ImageServer/z_itp_19042023ft59/470/0/2z-z384981046976.webp,2
SOFFIT/CLAD,soffit-clad,https://itp1.itopfile.com/ImageServer/z_itp_19042023ft59/470/0/Rectangle8copyz-z1123679512753.webp,Rectangle8copy
SOFFIT/CLAD,soffit-clad,https://yt3.ggpht.com/ytc/AIdro_m35CgGx6VxRSOxXcntagwOkhW2Q-hHK9s8wECF8y-de2I=s88-c-k-c0x00ffffff-no-rj,Profile picture of Maxis Wood
SOFFIT/CLAD,soffit-clad,https://i.ytimg.com/vi/BxGNnfKpbh8/hqdefault.jpg,Aquaris Clean energy
SOFFIT/CLAD,soffit-clad,https://i.ytimg.com/vi/R2rs0H1Ufu8/hqdefault.jpg,"maxisWOOD Projects "" Cascade Pattaya """
SOFFIT/CLAD,soffit-clad,https://i.ytimg.com/vi/GscDgaxVuS0/hqdefault.jpg,Maxis gallery and showroom มายังไง ไปดูกันค่ะ
SOFFIT/CLAD,soffit-clad,https://i.ytimg.com/vi/WN3FXPo9flw/hqdefault.jpg,Baanploypoom Kindergarten with Recycoex
SOFFIT/CLAD,soffit-clad,https://i.ytimg.com/vi/eWZAWmfFZ38/hqdefault.jpg,Recycoex สาขา ศาลายา นครปฐม ♻
SOFFIT/CLAD,soffit-clad,https://i.ytimg.com/vi/nPOkB5yPBDM/hqdefault.jpg,เอาน้ำมันใช้เเล้วมาขาย ทอด 🚫ไม่ ทิ้ง #recycle #recycoex #UCO #shorts
SOFFIT/CLAD,soffit-clad,https://itp1.itopfile.com/ImageServer/z_itp_19042023ft59/369/0/whatapp@3xz-z533084474706.webp,whatapp@3x
SOFFIT/CLAD,soffit-clad,https://ssl.gstatic.com/s2/oz/images/stars/po/bubblev1/border_3.gif,
SOFFIT/CLAD,soffit-clad,https://ssl.gstatic.com/s2/oz/images/stars/po/bubblev1/spacer.gif,
MAXIS FACADE,maxis-facade,https://itp1.itopfile.com/ImageServer/z_itp_19042023ft59/0/0/Artboard4@2xz-z966313730030.webp,Artboard4@2x
MAXIS FACADE,maxis-facade,https://itp1.itopfile.com/ImageServer/z_itp_19042023ft59/0/0/banner01z-z996681350250.webp,
MAXIS FACADE,maxis-facade,https://itp1.itopfile.com/ImageServer/z_itp_19042023ft59/1440/0/banner02z-z782039158841.webp,banner02
MAXIS FACADE,maxis-facade,https://itp1.itopfile.com/ImageServer/z_itp_19042023ft59/1440/0/banner03z-z3662355213.webp,banner03
MAXIS FACADE,maxis-facade,https://itp1.itopfile.com/ImageServer/z_itp_19042023ft59/0/0/img-pd02z-z470594491652.webp,
MAXIS FACADE,maxis-facade,https://itp1.itopfile.com/ImageServer/z_itp_19042023ft59/0/0/img-pd04z-z1682949529799.webp,
MAXIS FACADE,maxis-facade,https://itp1.itopfile.com/ImageServer/z_itp_19042023ft59/0/0/img-pd01z-z864275103690.webp,
MAXIS FACADE,maxis-facade,https://itp1.itopfile.com/ImageServer/z_itp_19042023ft59/0/0/img-pd03z-z1659312456755.webp,
MAXIS FACADE,maxis-facade,https://itp1.itopfile.com/ImageServer/z_itp_19042023ft59/1120/0/Sample-of-wood-shadesz-z1123022194098.webp,Sample-of-wood-shades
MAXIS FACADE,maxis-facade,https://itp1.itopfile.com/ImageServer/z_itp_19042023ft59/369/0/whatapp@3xz-z533084474706.webp,whatapp@3x
MAXIS DECK,maxis-deck,https://itp1.itopfile.com/ImageServer/z_itp_19042023ft59/0/0/Artboard4@2xz-z966313730030.webp,Artboard4@2x
MAXIS DECK,maxis-deck,https://itp1.itopfile.com/ImageServer/z_itp_19042023ft59/0/0/banner01z-z996681350250.webp,
MAXIS DECK,maxis-deck,https://itp1.itopfile.com/ImageServer/z_itp_19042023ft59/1440/0/banner02z-z782039158841.webp,banner02
MAXIS DECK,maxis-deck,https://itp1.itopfile.com/ImageServer/z_itp_19042023ft59/1440/0/banner03z-z3662355213.webp,banner03
MAXIS DECK,maxis-deck,https://itp1.itopfile.com/ImageServer/z_itp_19042023ft59/0/0/img-pd01z-z1629396437060.webp,
MAXIS DECK,maxis-deck,https://itp1.itopfile.com/ImageServer/z_itp_19042023ft59/0/0/img-pd03z-z78091480155.webp,
MAXIS DECK,maxis-deck,https://itp1.itopfile.com/ImageServer/z_itp_19042023ft59/0/0/img-pd02z-z1687741055560.webp,
MAXIS DECK,maxis-deck,https://itp1.itopfile.com/ImageServer/z_itp_19042023ft59/0/0/img-pd04z-z900875666958.webp,
MAXIS DECK,maxis-deck,https://itp1.itopfile.com/ImageServer/z_itp_19042023ft59/624/0/Picture1z-z418886059762.webp,Picture1
MAXIS DECK,maxis-deck,https://itp1.itopfile.com/ImageServer/z_itp_19042023ft59/624/0/Picture2z-z1318165039202.webp,Picture2
MAXIS DECK,maxis-deck,https://itp1.itopfile.com/ImageServer/z_itp_19042023ft59/1120/0/Sample-of-wood-shadesz-z1453907049232.webp,Sample-of-wood-shades
MAXIS DECK,maxis-deck,https://itp1.itopfile.com/ImageServer/z_itp_19042023ft59/369/0/whatapp@3xz-z533084474706.webp,whatapp@3x
MAXIS COAT,maxis-coat,https://itp1.itopfile.com/ImageServer/z_itp_19042023ft59/0/0/Artboard4@2xz-z966313730030.webp,Artboard4@2x
MAXIS COAT,maxis-coat,https://itp1.itopfile.com/ImageServer/z_itp_19042023ft59/0/0/banner01z-z996681350250.webp,
MAXIS COAT,maxis-coat,https://itp1.itopfile.com/ImageServer/z_itp_19042023ft59/1440/0/banner02z-z782039158841.webp,banner02
MAXIS COAT,maxis-coat,https://itp1.itopfile.com/ImageServer/z_itp_19042023ft59/1440/0/banner03z-z3662355213.webp,banner03
MAXIS COAT,maxis-coat,https://itp1.itopfile.com/ImageServer/z_itp_19042023ft59/0/0/img-pd04z-z276649602908.webp,
MAXIS COAT,maxis-coat,https://itp1.itopfile.com/ImageServer/z_itp_19042023ft59/0/0/img-pd01z-z1024228110097.webp,
MAXIS COAT,maxis-coat,https://itp1.itopfile.com/ImageServer/z_itp_19042023ft59/0/0/img-pd03z-z529970394684.webp,
MAXIS COAT,maxis-coat,https://itp1.itopfile.com/ImageServer/z_itp_19042023ft59/0/0/img-pd02z-z681320791992.webp,
MAXIS COAT,maxis-coat,https://itp1.itopfile.com/ImageServer/z_itp_19042023ft59/550/0/colorz-z17332327893.webp,color
MAXIS COAT,maxis-coat,https://itp1.itopfile.com/ImageServer/z_itp_19042023ft59/369/0/whatapp@3xz-z533084474706.webp,whatapp@3x
FACAD XTREME,facad-xtreme,https://itp1.itopfile.com/ImageServer/z_itp_19042023ft59/0/0/Artboard4@2xz-z966313730030.webp,Artboard4@2x
FACAD XTREME,facad-xtreme,https://itp1.itopfile.com/ImageServer/z_itp_19042023ft59/0/0/banner01z-z996681350250.webp,
FACAD XTREME,facad-xtreme,https://itp1.itopfile.com/ImageServer/z_itp_19042023ft59/1440/0/banner02z-z782039158841.webp,banner02
FACAD XTREME,facad-xtreme,https://itp1.itopfile.com/ImageServer/z_itp_19042023ft59/1440/0/banner03z-z3662355213.webp,banner03
FACAD XTREME,facad-xtreme,https://itp1.itopfile.com/ImageServer/z_itp_19042023ft59/0/0/img-pd02z-z1519373690191.webp,
FACAD XTREME,facad-xtreme,https://itp1.itopfile.com/ImageServer/z_itp_19042023ft59/0/0/img-pd04z-z578001333735.webp,
FACAD XTREME,facad-xtreme,https://itp1.itopfile.com/ImageServer/z_itp_19042023ft59/0/0/img-pd01z-z478986006251.webp,
FACAD XTREME,facad-xtreme,https://itp1.itopfile.com/ImageServer/z_itp_19042023ft59/0/0/img-pd03z-z683343432942.webp,
FACAD XTREME,facad-xtreme,https://itp1.itopfile.com/ImageServer/z_itp_19042023ft59/550/0/Sampleofwoodshadesz-z972988081610.webp,Sampleofwoodshades
FACAD XTREME,facad-xtreme,https://itp1.itopfile.com/ImageServer/z_itp_19042023ft59/369/0/whatapp@3xz-z533084474706.webp,whatapp@3x
MAXIS THATCH,maxis-thatch,https://itp1.itopfile.com/ImageServer/z_itp_19042023ft59/0/0/Artboard4@2xz-z966313730030.webp,Artboard4@2x
MAXIS THATCH,maxis-thatch,https://itp1.itopfile.com/ImageServer/z_itp_19042023ft59/0/0/banner01z-z996681350250.webp,
MAXIS THATCH,maxis-thatch,https://itp1.itopfile.com/ImageServer/z_itp_19042023ft59/1440/0/banner02z-z782039158841.webp,banner02
MAXIS THATCH,maxis-thatch,https://itp1.itopfile.com/ImageServer/z_itp_19042023ft59/1440/0/banner03z-z3662355213.webp,banner03
MAXIS THATCH,maxis-thatch,https://itp1.itopfile.com/ImageServer/z_itp_19042023ft59/0/0/img-pd01z-z285044825131.webp,
MAXIS THATCH,maxis-thatch,https://itp1.itopfile.com/ImageServer/z_itp_19042023ft59/0/0/img-pd03z-z955650616074.webp,
MAXIS THATCH,maxis-thatch,https://itp1.itopfile.com/ImageServer/z_itp_19042023ft59/0/0/img-pd02z-z1310700790215.webp,
MAXIS THATCH,maxis-thatch,https://itp1.itopfile.com/ImageServer/z_itp_19042023ft59/0/0/img-pd04z-z670477216509.webp,
MAXIS THATCH,maxis-thatch,https://itp1.itopfile.com/ImageServer/z_itp_19042023ft59/1120/0/Sampleofthatchshadesz-z1536734708594.webp,Sampleofthatchshades
MAXIS THATCH,maxis-thatch,https://itp1.itopfile.com/ImageServer/z_itp_19042023ft59/369/0/whatapp@3xz-z533084474706.webp,whatapp@3x
MAXIS FLOOR,maxis-floor,https://itp1.itopfile.com/ImageServer/z_itp_19042023ft59/0/0/Artboard4@2xz-z966313730030.webp,Artboard4@2x
MAXIS FLOOR,maxis-floor,https://itp1.itopfile.com/ImageServer/z_itp_19042023ft59/0/0/banner01z-z996681350250.webp,
MAXIS FLOOR,maxis-floor,https://itp1.itopfile.com/ImageServer/z_itp_19042023ft59/1440/0/banner02z-z782039158841.webp,banner02
MAXIS FLOOR,maxis-floor,https://itp1.itopfile.com/ImageServer/z_itp_19042023ft59/1440/0/banner03z-z3662355213.webp,banner03
MAXIS FLOOR,maxis-floor,https://itp1.itopfile.com/ImageServer/z_itp_19042023ft59/0/0/img-pd01z-z1069844090766.webp,
MAXIS FLOOR,maxis-floor,https://itp1.itopfile.com/ImageServer/z_itp_19042023ft59/0/0/img-pd02z-z975487604447.webp,
MAXIS FLOOR,maxis-floor,https://itp1.itopfile.com/ImageServer/z_itp_19042023ft59/0/0/img-pd03z-z1028209119187.webp,
MAXIS FLOOR,maxis-floor,https://itp1.itopfile.com/ImageServer/z_itp_19042023ft59/0/0/img-pd04z-z745259082613.webp,
MAXIS FLOOR,maxis-floor,https://itp1.itopfile.com/ImageServer/z_itp_19042023ft59/624/0/Picture3z-z1456530294753.webp,Picture3
MAXIS FLOOR,maxis-floor,https://itp1.itopfile.com/ImageServer/z_itp_19042023ft59/1140/0/Picture2z-z748209000262.webp,Picture2
MAXIS FLOOR,maxis-floor,https://itp1.itopfile.com/ImageServer/z_itp_19042023ft59/1140/0/Picture1z-z1287460338748.webp,Picture1
MAXIS FLOOR,maxis-floor,https://itp1.itopfile.com/ImageServer/z_itp_19042023ft59/369/0/whatapp@3xz-z533084474706.webp,whatapp@3x
MAXIS DOOR,maxis-door,https://itp1.itopfile.com/ImageServer/z_itp_19042023ft59/0/0/Artboard4@2xz-z966313730030.webp,Artboard4@2x
MAXIS DOOR,maxis-door,https://itp1.itopfile.com/ImageServer/z_itp_19042023ft59/0/0/banner01z-z996681350250.webp,
MAXIS DOOR,maxis-door,https://itp1.itopfile.com/ImageServer/z_itp_19042023ft59/1440/0/banner02z-z782039158841.webp,banner02
MAXIS DOOR,maxis-door,https://itp1.itopfile.com/ImageServer/z_itp_19042023ft59/1440/0/banner03z-z3662355213.webp,banner03
MAXIS DOOR,maxis-door,https://itp1.itopfile.com/ImageServer/z_itp_19042023ft59/0/0/MAXISDOOR(2)z-z1166490236814.webp,
MAXIS DOOR,maxis-door,https://itp1.itopfile.com/ImageServer/z_itp_19042023ft59/0/0/MAXISDOOR(3)z-z182431877694.webp,
MAXIS DOOR,maxis-door,https://itp1.itopfile.com/ImageServer/z_itp_19042023ft59/0/0/MAXISDOOR(4)z-z401437580712.webp,
MAXIS DOOR,maxis-door,https://itp1.itopfile.com/ImageServer/z_itp_19042023ft59/0/0/MAXISDOOR(1)z-z997905304457.webp,
MAXIS DOOR,maxis-door,https://itp1.itopfile.com/ImageServer/z_itp_19042023ft59/369/0/whatapp@3xz-z533084474706.webp,whatapp@3x
MAXIS FIBRE REBAR,maxis-fibre-rebar,https://itp1.itopfile.com/ImageServer/z_itp_19042023ft59/0/0/Artboard4@2xz-z966313730030.webp,Artboard4@2x
MAXIS FIBRE REBAR,maxis-fibre-rebar,https://itp1.itopfile.com/ImageServer/z_itp_19042023ft59/0/0/banner01z-z996681350250.webp,
MAXIS FIBRE REBAR,maxis-fibre-rebar,https://itp1.itopfile.com/ImageServer/z_itp_19042023ft59/1440/0/banner02z-z782039158841.webp,banner02
MAXIS FIBRE REBAR,maxis-fibre-rebar,https://itp1.itopfile.com/ImageServer/z_itp_19042023ft59/1440/0/banner03z-z3662355213.webp,banner03
MAXIS FIBRE REBAR,maxis-fibre-rebar,https://itp1.itopfile.com/ImageServer/z_itp_19042023ft59/0/0/img-pd04z-z994280306779.webp,
MAXIS FIBRE REBAR,maxis-fibre-rebar,https://itp1.itopfile.com/ImageServer/z_itp_19042023ft59/0/0/img-pd01z-z24132438161.webp,
MAXIS FIBRE REBAR,maxis-fibre-rebar,https://itp1.itopfile.com/ImageServer/z_itp_19042023ft59/0/0/img-pd03z-z1160460758918.webp,
MAXIS FIBRE REBAR,maxis-fibre-rebar,https://itp1.itopfile.com/ImageServer/z_itp_19042023ft59/0/0/img-pd02z-z1299377872552.webp,
MAXIS FIBRE REBAR,maxis-fibre-rebar,https://itp1.itopfile.com/ImageServer/z_itp_19042023ft59/369/0/whatapp@3xz-z533084474706.webp,whatapp@3x
RECYCOEX PAVE,recycoex-pave,https://itp1.itopfile.com/ImageServer/z_itp_19042023ft59/0/0/Artboard4@2xz-z966313730030.webp,Artboard4@2x
RECYCOEX PAVE,recycoex-pave,https://itp1.itopfile.com/ImageServer/z_itp_19042023ft59/0/0/banner01z-z996681350250.webp,
RECYCOEX PAVE,recycoex-pave,https://itp1.itopfile.com/ImageServer/z_itp_19042023ft59/1440/0/banner02z-z782039158841.webp,banner02
RECYCOEX PAVE,recycoex-pave,https://itp1.itopfile.com/ImageServer/z_itp_19042023ft59/1440/0/banner03z-z3662355213.webp,banner03
RECYCOEX PAVE,recycoex-pave,https://itp1.itopfile.com/ImageServer/z_itp_19042023ft59/0/0/img-pd04z-z1680879537142.webp,
RECYCOEX PAVE,recycoex-pave,https://itp1.itopfile.com/ImageServer/z_itp_19042023ft59/0/0/img-pd02z-z808906142243.webp,
RECYCOEX PAVE,recycoex-pave,https://itp1.itopfile.com/ImageServer/z_itp_19042023ft59/0/0/img-pd03z-z1101678800815.webp,
RECYCOEX PAVE,recycoex-pave,https://itp1.itopfile.com/ImageServer/z_itp_19042023ft59/0/0/img-pd01z-z313987073962.webp,
RECYCOEX PAVE,recycoex-pave,https://itp1.itopfile.com/ImageServer/z_itp_19042023ft59/624/0/Picture1z-z1143182969088.webp,Picture1
RECYCOEX PAVE,recycoex-pave,https://itp1.itopfile.com/ImageServer/z_itp_19042023ft59/624/0/Picture2z-z585572072159.webp,Picture2
RECYCOEX PAVE,recycoex-pave,https://itp1.itopfile.com/ImageServer/z_itp_19042023ft59/624/0/Picture3z-z1326366541981.webp,Picture3
RECYCOEX PAVE,recycoex-pave,https://itp1.itopfile.com/ImageServer/z_itp_19042023ft59/624/0/Picture4z-z202100191105.webp,Picture4
RECYCOEX PAVE,recycoex-pave,https://itp1.itopfile.com/ImageServer/z_itp_19042023ft59/624/0/Picture5z-z96853691355.webp,Picture5
RECYCOEX PAVE,recycoex-pave,https://itp1.itopfile.com/ImageServer/z_itp_19042023ft59/536/0/Picture6z-z505790207450.webp,Picture6
RECYCOEX PAVE,recycoex-pave,https://itp1.itopfile.com/ImageServer/z_itp_19042023ft59/624/0/Picture7z-z1425611688516.webp,Picture7
RECYCOEX PAVE,recycoex-pave,https://itp1.itopfile.com/ImageServer/z_itp_19042023ft59/624/0/Picture8z-z698565852086.webp,Picture8
RECYCOEX PAVE,recycoex-pave,https://itp1.itopfile.com/ImageServer/z_itp_19042023ft59/624/0/Picture9z-z1244100587607.webp,Picture9
RECYCOEX PAVE,recycoex-pave,https://itp1.itopfile.com/ImageServer/z_itp_19042023ft59/624/0/Picture10z-z1560160966367.webp,Picture10
RECYCOEX PAVE,recycoex-pave,https://itp1.itopfile.com/ImageServer/z_itp_19042023ft59/624/0/Picture11z-z87271799182.webp,Picture11
RECYCOEX PAVE,recycoex-pave,https://itp1.itopfile.com/ImageServer/z_itp_19042023ft59/624/0/Picture12z-z1367898387541.webp,Picture12
RECYCOEX PAVE,recycoex-pave,https://itp1.itopfile.com/ImageServer/z_itp_19042023ft59/624/0/Picture13z-z1326682629480.webp,Picture13
RECYCOEX PAVE,recycoex-pave,https://itp1.itopfile.com/ImageServer/z_itp_19042023ft59/624/0/Picture14z-z1078125190465.webp,Picture14
RECYCOEX PAVE,recycoex-pave,https://itp1.itopfile.com/ImageServer/z_itp_19042023ft59/1140/0/shadez-z852817261902.webp,shade
RECYCOEX PAVE,recycoex-pave,https://itp1.itopfile.com/ImageServer/z_itp_19042023ft59/369/0/whatapp@3xz-z533084474706.webp,whatapp@3x
